word,count,frequency_rank,train_count,standard_frequency_rank
的,1005,1,1005,1
我,960,2,960,2
了,493,3,493,3
他,489,4,489,4
你,416,5,416,5
说,410,6,410,6
是,351,7,351,7
小王子,276,8,276,8
就,262,9,262,9
在,249,10,249,10
这,205,11,205,11
有,180,12,180,12
人,176,13,176,13
对,169,14,169,14
也,160,15,160,15
不,145,16,145,16
什么,144,17,144,17
很,136,18,136,18
着,134,19,134,19
都,132,20,132,20
会,128,21,128,21
一个,125,22,125,22
花儿,125,23,125,23
他们,122,24,122,24
她,114,25,114,25
上,113,26,113,26
呢,105,27,105,27
星星,98,28,98,28
它,97,29,97,29
去,93,30,93,30
又,93,31,93,31
要,93,32,93,32
地,91,33,91,33
得,88,34,88,34
那,84,35,84,35
没,80,36,80,36
个,79,37,79,37
过,78,38,78,38
来,77,39,77,39
把,76,40,76,40
可,74,41,74,41
想,74,42,74,42
国王,72,43,72,43
让,71,44,71,44
像,68,45,68,45
狐狸,68,46,68,46
和,62,47,62,47
星球,62,48,62,48
没有,60,49,60,49
问,60,50,60,50
知道,58,51,58,51
可是,57,52,57,52
它们,57,53,57,53
给,55,54,55,54
还,54,55,54,55
回答,53,56,53,56
自己,53,57,53,57
这个,52,58,52,58
这样,52,59,52,59
就是,51,60,51,60
地理学家,50,61,50,61
看,49,62,49,62
做,48,63,48,63
到,47,64,47,64
呀,47,65,47,65
你们,46,66,46,66
可以,44,67,44,67
要是,44,68,44,68
大人,42,69,42,69
跟,42,70,42,70
这些,42,71,42,71
那么,42,72,42,72
吗,41,73,41,73
好,41,74,41,74
感到,39,75,39,75
一朵,38,76,38,76
因为,38,77,38,77
朋友,38,78,38,78
这儿,38,79,38,79
不是,37,80,37,80
看见,37,81,37,81
一样,36,82,36,82
命令,36,83,36,83
来说,36,84,36,84
沙漠,36,85,36,85
用,36,86,36,86
还是,36,87,36,87
一,35,88,35,88
不过,34,89,34,89
东西,34,90,34,90
啊,34,91,34,91
地方,34,92,34,92
地球,34,93,34,93
您,34,94,34,94
而,34,95,34,95
这么,34,96,34,96
只有,33,97,33,97
走,33,98,33,98
下,32,99,32,99
只,32,100,32,100
吧,32,101,32,101
觉得,32,102,32,102
那些,32,103,32,103
驯养,32,104,32,104
蛇,31,105,31,105
一颗,30,106,30,106
中,30,107,30,107
谁,30,108,30,108
起来,30,109,30,109
再,29,110,29,110
爱,29,111,29,111
住,28,112,28,112
笑,28,113,28,113
能,28,114,28,114
行星,28,115,28,115
些,26,116,26,116
哪儿,26,117,26,117
我们,26,118,26,118
探险家,26,119,26,119
明白,26,120,26,120
正事,26,121,26,121
真,26,122,26,122
那个,26,123,26,123
重要,26,124,26,124
问题,26,125,26,125
望,25,126,25,126
里,25,127,25,127
使,24,128,24,128
刺,24,129,24,129
商人,24,130,24,130
太,24,131,24,131
所以,24,132,24,132
有点,24,133,24,133
画,24,134,24,134
看到,24,135,24,135
长,24,136,24,136
非常,24,137,24,137
颗,24,138,24,138
多,23,139,23,139
如果,23,140,23,140
朵,23,141,23,141
玫瑰,23,142,23,142
的话,23,143,23,143
不会,22,144,22,144
已经,22,145,22,145
当然,22,146,22,146
意思,22,147,22,147
所有,22,148,22,148
找,22,149,22,149
时间,22,150,22,150
人们,21,151,21,151
从,21,152,21,152
号,21,153,21,153
怎么,21,154,21,154
才,21,155,21,155
一会儿,20,156,20,156
事情,20,157,20,157
五亿,20,158,20,158
发现,20,159,20,159
可不是,20,160,20,160
喜欢,20,161,20,161
干,20,162,20,162
当,20,163,20,163
时,20,164,20,164
绵羊,20,165,20,165
虚荣,20,166,20,166
那儿,20,167,20,167
一座,19,168,19,168
于是,19,169,19,169
一只,18,170,18,170
为什么,18,171,18,171
但,18,172,18,172
占有,18,173,18,173
叫,18,174,18,174
小行星,18,175,18,175
日落,18,176,18,176
最,18,177,18,177
水,18,178,18,178
真的,18,179,18,179
老,18,180,18,180
远,18,181,18,181
酒鬼,18,182,18,182
夜里,17,183,17,183
大,17,184,17,184
时候,17,185,17,185
还有,17,186,17,186
一遍,16,187,16,187
以前,16,188,16,188
你好,16,189,16,189
出,16,190,16,190
却,16,191,16,191
变得,16,192,16,192
只是,16,193,16,193
呣,16,194,16,194
属于,16,195,16,195
帽子,16,196,16,196
忘记,16,197,16,197
扳道,16,198,16,198
挺,16,199,16,199
没法,16,200,16,200
生活,16,201,16,201
看不见,16,202,16,202
美,16,203,16,203
说不定,16,204,16,204
世界,15,205,15,205
但是,15,206,15,206
听,15,207,15,207
声,15,208,15,208
小,15,209,15,209
并,15,210,15,210
比,15,211,15,211
一天,14,212,14,212
为了,14,213,14,213
了解,14,214,14,214
事,14,215,14,215
以为,14,216,14,216
别的,14,217,14,217
只要,14,218,14,218
吃,14,219,14,219
向,14,220,14,220
噢,14,221,14,221
声音,14,222,14,222
天空,14,223,14,223
审判,14,224,14,224
小家伙,14,225,14,225
工,14,226,14,226
开始,14,227,14,227
当时,14,228,14,228
心想,14,229,14,229
我会,14,230,14,230
打哈欠,14,231,14,231
接着,14,232,14,232
提,14,233,14,233
朝,14,234,14,234
比如说,14,235,14,235
然后,14,236,14,236
独一无二,14,237,14,237
现在,14,238,14,238
蟒蛇,14,239,14,239
被,14,240,14,240
讲,14,241,14,241
那样,14,242,14,242
难道,14,243,14,243
以后,13,244,13,244
话,13,245,13,245
一件,12,246,12,246
一张,12,247,12,247
上面,12,248,12,248
下来,12,249,12,249
为,12,250,12,250
作,12,251,12,251
全都,12,252,12,252
别,12,253,12,253
加,12,254,12,254
听见,12,255,12,255
哪,12,256,12,256
哭,12,257,12,257
坐在,12,258,12,258
孤独,12,259,12,259
得到,12,260,12,260
拿,12,261,12,261
有趣,12,262,12,262
服从,12,263,12,263
火山,12,264,12,264
点灯,12,265,12,265
等到,12,266,12,266
统治,12,267,12,267
见,12,268,12,268
今天,11,269,11,269
看上去,11,270,11,270
一些,10,271,10,271
一句,10,272,10,272
一定,10,273,10,273
一条,10,274,10,274
一直,10,275,10,275
一种,10,276,10,276
中间,10,277,10,277
从没,10,278,10,278
作品,10,279,10,279
你们好,10,280,10,280
其中,10,281,10,281
其他,10,282,10,282
刚才,10,283,10,283
别人,10,284,10,284
坐下,10,285,10,285
奇怪,10,286,10,286
好处,10,287,10,287
孩子,10,288,10,288
将军,10,289,10,289
崇拜,10,290,10,290
幸福,10,291,10,291
很快,10,292,10,292
想到,10,293,10,293
房子,10,294,10,294
星,10,295,10,295
更,10,296,10,296
正是,10,297,10,297
点,10,298,10,298
离开,10,299,10,299
等,10,300,10,300
等于,10,301,10,301
老虎,10,302,10,302
认识,10,303,10,303
说话,10,304,10,304
转瞬即逝,10,305,10,305
道,10,306,10,306
错,10,307,10,307
需要,10,308,10,308
高兴,10,309,10,309
不作声,9,310,9,310
只见,9,311,9,311
大概,9,312,9,312
天,9,313,9,313
开,9,314,9,314
往,9,315,9,315
总,9,316,9,316
晚上,9,317,9,317
起,9,318,9,318
这时,9,319,9,319
随时,9,320,9,320
b612,8,321,8,321
一下,8,322,8,322
一次,8,323,8,323
一片,8,324,8,324
一百万,8,325,8,325
一眼,8,326,8,326
一起,8,327,8,327
一边,8,328,8,328
三座,8,329,8,329
不该,8,330,8,330
两样,8,331,8,331
久,8,332,8,332
也好,8,333,8,333
五,8,334,8,334
从来不,8,335,8,335
们,8,336,8,336
再见,8,337,8,337
再说,8,338,8,338
写,8,339,8,339
决不,8,340,8,340
刚,8,341,8,341
剖开,8,342,8,342
占,8,343,8,343
厉害,8,344,8,344
句,8,345,8,345
另,8,346,8,346
可能,8,347,8,347
后,8,348,8,348
哈欠,8,349,8,349
哦,8,350,8,350
坐,8,351,8,351
太阳,8,352,8,352
宅子,8,353,8,353
实在,8,354,8,354
山,8,355,8,355
山脉,8,356,8,356
弄,8,357,8,357
心情,8,358,8,358
心里,8,359,8,359
怪,8,360,8,360
想要,8,361,8,361
成千上万,8,362,8,362
手指,8,363,8,363
打,8,364,8,364
找到,8,365,8,365
抱,8,366,8,366
挪,8,367,8,367
故事,8,368,8,368
数字,8,369,8,369
整个,8,370,8,370
有些,8,371,8,371
极了,8,372,8,372
根本,8,373,8,373
死去,8,374,8,374
死火山,8,375,8,375
母鸡,8,376,8,376
水井,8,377,8,377
永远,8,378,8,378
沙地,8,379,8,379
注视,8,380,8,380
海洋,8,381,8,381
满天,8,382,8,382
然而,8,383,8,383
玩,8,384,8,384
玫瑰花,8,385,8,385
甚至,8,386,8,386
由于,8,387,8,387
真是,8,388,8,388
瞧,8,389,8,389
离,8,390,8,390
秘密,8,391,8,391
突然,8,392,8,392
站,8,393,8,393
累,8,394,8,394
终于,8,395,8,395
羞愧,8,396,8,396
耗子,8,397,8,397
致意,8,398,8,398
该,8,399,8,399
请,8,400,8,400
路,8,401,8,401
连,8,402,8,402
陛下,8,403,8,403
随后,8,404,8,404
难过,8,405,8,405
顶,8,406,8,406
风,8,407,8,407
飞机,8,408,8,408
咬,7,409,7,409
回来,7,410,7,410
好像,7,411,7,411
怎样,7,412,7,412
感觉,7,413,7,413
或者,7,414,7,414
手,7,415,7,415
朵玫瑰,7,416,7,416
沉默,7,417,7,417
爱慕,7,418,7,418
白鼬,7,419,7,419
看法,7,420,7,420
螺钉,7,421,7,421
长袍,7,422,7,422
一切,6,423,6,423
一口,6,424,6,424
一号,6,425,6,425
一块,6,426,6,426
一本,6,427,6,427
一模一样,6,428,6,428
一点,6,429,6,429
一路上,6,430,6,430
一顶,6,431,6,431
七,6,432,6,432
三次,6,433,6,433
上场,6,434,6,434
下山,6,435,6,435
不到,6,436,6,436
不行,6,437,6,437
严肃,6,438,6,438
之所以,6,439,6,439
书,6,440,6,440
五十三分钟,6,441,6,441
井,6,442,6,442
人家,6,443,6,443
仪式,6,444,6,444
任何人,6,445,6,445
伤心,6,446,6,446
倒,6,447,6,447
先,6,448,6,448
六岁,6,449,6,449
其实,6,450,6,450
危险,6,451,6,451
发出,6,452,6,452
变成,6,453,6,453
只不过,6,454,6,454
只好,6,455,6,455
可惜,6,456,6,456
君主,6,457,6,457
告诉,6,458,6,458
唯一,6,459,6,459
喝,6,460,6,460
喝酒,6,461,6,461
四根,6,462,6,462
四点,6,463,6,463
回声,6,464,6,464
回忆,6,465,6,465
地理书,6,466,6,466
坏,6,467,6,467
多少,6,468,6,468
大臣,6,469,6,469
天文学家,6,470,6,470
她们,6,471,6,471
好好,6,472,6,472
如此,6,473,6,473
嫩苗,6,474,6,474
存在,6,475,6,475
富有,6,476,6,476
小东西,6,477,6,477
就行了,6,478,6,478
带,6,479,6,479
带走,6,480,6,480
干什么,6,481,6,481
应,6,482,6,482
应该,6,483,6,483
座,6,484,6,484
建立,6,485,6,485
开口,6,486,6,486
忧郁,6,487,6,487
快车,6,488,6,488
怀里,6,489,6,489
惊奇,6,490,6,490
想着,6,491,6,491
想起,6,492,6,492
感情,6,493,6,493
懂,6,494,6,494
懂得,6,495,6,495
担心,6,496,6,496
拉,6,497,6,497
拍,6,498,6,498
旅客,6,499,6,499
无法,6,500,6,500
既然,6,501,6,501
日子,6,502,6,502
早晨,6,503,6,503
是不是,6,504,6,504
最后,6,505,6,505
有人,6,506,6,506
有时候,6,507,6,507
有点像,6,508,6,508
根,6,509,6,509
正,6,510,6,510
每个,6,511,6,511
每天,6,512,6,512
每星期,6,513,6,513
毫无,6,514,6,514
气,6,515,6,515
河流,6,516,6,516
法国,6,517,6,517
满意,6,518,6,518
灯火通明,6,519,6,519
用来,6,520,6,520
皮,6,521,6,521
相信,6,522,6,522
看看,6,523,6,523
眼看,6,524,6,524
眼里,6,525,6,525
睡觉,6,526,6,526
石墙,6,527,6,527
礼物,6,528,6,528
种,6,529,6,529
笑了起来,6,530,6,530
笑声,6,531,6,531
缘故,6,532,6,532
罩,6,533,6,533
老先生,6,534,6,534
而后,6,535,6,535
脚步声,6,536,6,536
臣民,6,537,6,537
自言自语,6,538,6,538
花,6,539,6,539
花瓣,6,540,6,540
蝴蝶,6,541,6,541
行,6,542,6,542
观察,6,543,6,543
解释,6,544,6,544
计算,6,545,6,545
记住,6,546,6,546
访问,6,547,6,547
身上,6,548,6,548
轰鸣,6,549,6,549
辘轳,6,550,6,550
过去,6,551,6,551
这会儿,6,552,6,552
重,6,553,6,553
重复,6,554,6,554
金黄色,6,555,6,555
钟,6,556,6,556
铅笔,6,557,6,557
除了,6,558,6,558
随即,6,559,6,559
颜色,6,560,6,560
风障,6,561,6,561
高,6,562,6,562
麦田,6,563,6,563
下面,5,564,5,564
可不,5,565,5,565
呵,5,566,5,566
好比,5,567,5,567
总是,5,568,5,568
才能,5,569,5,569
指,5,570,5,570
没工夫,5,571,5,571
灯,5,572,5,572
说完,5,573,5,573
里面,5,574,5,574
难,5,575,5,575
〇,4,576,4,576
一分钟,4,577,4,577
一列,4,578,4,578
一回,4,579,4,579
一堆,4,580,4,580
一头,4,581,4,581
一层,4,582,4,582
一幅,4,583,4,583
一幢,4,584,4,584
一年,4,585,4,585
一支,4,586,4,586
一棵,4,587,4,587
一步,4,588,4,588
一百,4,589,4,589
一盏,4,590,4,590
一道,4,591,4,591
七百,4,592,4,592
三,4,593,4,593
三十一,4,594,4,594
三点钟,4,595,4,595
上路,4,596,4,596
下午,4,597,4,597
不再,4,598,4,598
不准,4,599,4,599
不吃,4,600,4,600
不同于,4,601,4,601
不妨,4,602,4,602
不必,4,603,4,603
不慌不忙,4,604,4,604
不用,4,605,4,605
不由得,4,606,4,606
不知,4,607,4,607
不能,4,608,4,608
不能容忍,4,609,4,609
不要,4,610,4,610
专制,4,611,4,611
两,4,612,4,612
两座,4,613,4,613
中国,4,614,4,614
久久,4,615,4,615
九,4,616,4,616
买,4,617,4,617
二,4,618,4,618
二十,4,619,4,619
二十二,4,620,4,620
二十亿,4,621,4,621
二千,4,622,4,622
二号,4,623,4,623
仍然,4,624,4,624
他俩,4,625,4,625
令人,4,626,4,626
任何,4,627,4,627
任命,4,628,4,628
仿佛,4,629,4,629
似的,4,630,4,630
保护,4,631,4,631
信,4,632,4,632
修好,4,633,4,633
假装,4,634,4,634
停,4,635,4,635
儿,4,636,4,636
先生,4,637,4,637
光芒,4,638,4,638
全归,4,639,4,639
六,4,640,4,640
六十二万,4,641,4,641
关心,4,642,4,642
内,4,643,4,643
再也,4,644,4,644
几个,4,645,4,645
几百万年,4,646,4,646
出现,4,647,4,647
列车,4,648,4,648
判,4,649,4,649
判决,4,650,4,650
劝,4,651,4,651
动物,4,652,4,652
十,4,653,4,653
十二,4,654,4,654
十五,4,655,4,655
单调,4,656,4,656
卖,4,657,4,657
即使,4,658,4,658
厌烦,4,659,4,659
原始森林,4,660,4,660
原来,4,661,4,661
原谅,4,662,4,662
发,4,663,4,663
发生,4,664,4,664
受,4,665,4,665
受惊,4,666,4,666
口渴,4,667,4,667
可悲,4,668,4,668
吃惊,4,669,4,669
吃掉,4,670,4,670
合情合理,4,671,4,671
吊绳,4,672,4,672
同情,4,673,4,673
名字,4,674,4,674
向来,4,675,4,675
吓,4,676,4,676
吓人,4,677,4,677
听到,4,678,4,678
吹,4,679,4,679
咯咯,4,680,4,680
品行,4,681,4,681
哈,4,682,4,682
哟,4,683,4,683
哩,4,684,4,684
哪个,4,685,4,685
商店,4,686,4,686
啰,4,687,4,687
喊道,4,688,4,688
喔,4,689,4,689
喝完,4,690,4,690
喷发,4,691,4,691
嘛,4,692,4,692
嘴,4,693,4,693
嚼,4,694,4,694
四十,4,695,4,695
回到,4,696,4,696
回家,4,697,4,697
围巾,4,698,4,698
土耳其,4,699,4,699
地理,4,700,4,700
地走了,4,701,4,701
城市,4,702,4,702
墙上,4,703,4,703
壮丽,4,704,4,704
够,4,705,4,705
大军,4,706,4,706
大家,4,707,4,707
大老远,4,708,4,708
头发,4,709,4,709
奇妙,4,710,4,710
好几年,4,711,4,711
好几百万,4,712,4,712
好多,4,713,4,713
娇弱,4,714,4,714
学者,4,715,4,715
宇宙,4,716,4,716
完全,4,717,4,717
定下,4,718,4,718
宝藏,4,719,4,719
对不起,4,720,4,720
寻找,4,721,4,721
小心翼翼,4,722,4,722
小男孩,4,723,4,723
尖,4,724,4,724
岛屿,4,725,4,725
崇拜者,4,726,4,726
差不多,4,727,4,727
巴掌,4,728,4,728
布娃娃,4,729,4,729
帮助,4,730,4,730
年,4,731,4,731
应当,4,732,4,732
张,4,733,4,733
往前,4,734,4,734
很大,4,735,4,735
微微,4,736,4,736
心跳,4,737,4,737
必须,4,738,4,738
忧伤,4,739,4,739
忽然,4,740,4,740
忽略,4,741,4,741
怕,4,742,4,742
思路,4,743,4,743
怯生生,4,744,4,744
总算,4,745,4,745
您好,4,746,4,746
情况,4,747,4,747
情形,4,748,4,748
愿意,4,749,4,749
手势,4,750,4,750
打了个,4,751,4,751
打开,4,752,4,752
打扮,4,753,4,753
折磨,4,754,4,754
抬头,4,755,4,755
抬起,4,756,4,756
抵御,4,757,4,757
拥有,4,758,4,758
挪动,4,759,4,759
捉,4,760,4,760
提供,4,761,4,761
握,4,762,4,762
摘下,4,763,4,763
放过,4,764,4,764
新,4,765,4,765
旅行,4,766,4,766
无关紧要,4,767,4,767
时光,4,768,4,768
星期四,4,769,4,769
是因为,4,770,4,770
显得,4,771,4,771
普普通通,4,772,4,772
景象,4,773,4,773
最先,4,774,4,774
有意思,4,775,4,775
有时,4,776,4,776
有用,4,777,4,777
服装,4,778,4,778
望远镜,4,779,4,779
本来,4,780,4,780
本质,4,781,4,781
权力,4,782,4,782
权威,4,783,4,783
极其,4,784,4,784
某个,4,785,4,785
树皮,4,786,4,786
株,4,787,4,787
椅子,4,788,4,788
模样,4,789,4,789
欧洲,4,790,4,790
正好,4,791,4,791
正忙着,4,792,4,792
死亡,4,793,4,793
死刑,4,794,4,794
毒液,4,795,4,795
没完,4,796,4,796
没错,4,797,4,797
泉水,4,798,4,798
浇水,4,799,4,799
海鸟,4,800,4,800
消化,4,801,4,801
消逝,4,802,4,802
渐渐,4,803,4,803
渴,4,804,4,804
满,4,805,4,805
满天星,4,806,4,806
漂亮,4,807,4,807
火,4,808,4,808
点着,4,809,4,809
爪子,4,810,4,810
物证,4,811,4,811
犹豫,4,812,4,812
猎人,4,813,4,813
猴面包树,4,814,4,814
生气,4,815,4,815
用心,4,816,4,816
疏通,4,817,4,817
省,4,818,4,818
看得见,4,819,4,819
看着,4,820,4,820
真实,4,821,4,821
真正,4,822,4,822
睡着,4,823,4,823
礼貌,4,824,4,824
神秘,4,825,4,825
种子,4,826,4,826
稍稍,4,827,4,827
稍远,4,828,4,828
穿,4,829,4,829
第二天,4,830,4,830
简单,4,831,4,831
算,4,832,4,832
算账,4,833,4,833
箱子,4,834,4,834
精心,4,835,4,835
红脸,4,836,4,836
纸片,4,837,4,837
细,4,838,4,838
经常,4,839,4,839
经过,4,840,4,840
结果,4,841,4,841
绽出,4,842,4,842
绽放,4,843,4,843
缓缓,4,844,4,844
罕见,4,845,4,845
羊,4,846,4,846
美妙,4,847,4,847
而是,4,848,4,848
职业,4,849,4,849
联系,4,850,4,850
肩膀,4,851,4,851
胡思乱想,4,852,4,852
脖子,4,853,4,853
脚踝,4,854,4,854
脱,4,855,4,855
脸色,4,856,4,856
花蕾,4,857,4,857
花费,4,858,4,858
芳香,4,859,4,859
草,4,860,4,860
草地,4,861,4,861
落,4,862,4,862
藏,4,863,4,863
蘑菇,4,864,4,864
要求,4,865,4,865
解开,4,866,4,866
认为,4,867,4,867
记下来,4,868,4,868
记得,4,869,4,869
证据,4,870,4,870
试一下,4,871,4,871
说道,4,872,4,872
调查,4,873,4,873
谎,4,874,4,874
谜,4,875,4,875
负有责任,4,876,4,876
负责,4,877,4,877
赶到,4,878,4,878
赶紧,4,879,4,879
起程,4,880,4,880
跨,4,881,4,881
路灯,4,882,4,882
跳,4,883,4,883
跳舞,4,884,4,884
身子,4,885,4,885
转悠,4,886,4,886
边上,4,887,4,887
这件,4,888,4,888
这样一来,4,889,4,889
这次,4,890,4,890
追赶,4,891,4,891
通情达理,4,892,4,892
遗憾,4,893,4,893
那年,4,894,4,894
那边,4,895,4,895
那颗星,4,896,4,896
重新,4,897,4,897
铃铛,4,898,4,898
锤子,4,899,4,899
长时间,4,900,4,900
闪闪发亮,4,901,4,901
闲逛,4,902,4,902
间,4,903,4,903
闹,4,904,4,904
闻,4,905,4,905
阳光,4,906,4,906
降落,4,907,4,907
随便,4,908,4,908
难得,4,909,4,909
静静地,4,910,4,910
非洲,4,911,4,911
面前,4,912,4,912
马上,4,913,4,913
驶过,4,914,4,914
骄傲,4,915,4,915
麦子,4,916,4,916
黄,4,917,4,917
默默地,4,918,4,918
下去,3,919,3,919
不想,3,920,3,920
世上,3,921,3,921
今晚,3,922,3,922
出来,3,923,3,923
只管,3,924,3,924
天真,3,925,3,925
对于,3,926,3,926
怎么样,3,927,3,927
成,3,928,3,928
招呼,3,929,3,929
无缘无故,3,930,3,930
月光,3,931,3,931
本,3,932,3,932
本该,3,933,3,933
柔,3,934,3,934
活儿,3,935,3,935
激动,3,936,3,936
王子,3,937,3,937
答道,3,938,3,938
锋利,3,939,3,939
325,2,940,2,940
3251,2,941,2,941
326,2,942,2,942
327,2,943,2,943
328,2,944,2,944
329,2,945,2,945
330,2,946,2,946
一下子,2,947,2,947
一丝,2,948,2,948
一个月,2,949,2,949
一九二,2,950,2,950
一位,2,951,2,951
一共,2,952,2,952
一动,2,953,2,953
一动不动,2,954,2,954
一千,2,955,2,955
一千一百,2,956,2,956
一向,2,957,2,957
一堵,2,958,2,958
一声不吭,2,959,2,959
一大,2,960,2,960
一套,2,961,2,961
一成不变,2,962,2,962
一旦,2,963,2,963
一望无垠,2,964,2,964
一枝,2,965,2,965
一棵树,2,966,2,966
一滴,2,967,2,967
一点一点,2,968,2,968
一点点,2,969,2,969
一生,2,970,2,970
一番,2,971,2,971
一百万个,2,972,2,972
一百次,2,973,2,973
一盏灯,2,974,2,974
一盒,2,975,2,975
一码事,2,976,2,976
一笔,2,977,2,977
一粒,2,978,2,978
一艘船,2,979,2,979
一部,2,980,2,980
一阵风,2,981,2,981
一首,2,982,2,982
七个,2,983,2,983
七十二,2,984,2,984
七千万,2,985,2,985
七点,2,986,2,986
七百五十万,2,987,2,987
万,2,988,2,988
万法郎,2,989,2,989
三亿,2,990,2,990
三十,2,991,2,991
三条,2,992,2,992
三片,2,993,2,993
上去,2,994,2,994
上来,2,995,2,995
下令,2,996,2,996
下摆,2,997,2,997
不仅,2,998,2,998
不依不饶,2,999,2,999
不可,2,1000,2,1000
不同,2,1001,2,1001
不好意思,2,1002,2,1002
不安,2,1003,2,1003
不怕,2,1004,2,1004
不敢,2,1005,2,1005
不时,2,1006,2,1006
不曾,2,1007,2,1007
不管,2,1008,2,1008
不管怎么,2,1009,2,1009
不肯,2,1010,2,1010
不见,2,1011,2,1011
不起眼,2,1012,2,1012
不错,2,1013,2,1013
丑陋,2,1014,2,1014
专家,2,1015,2,1015
世界各地,2,1016,2,1016
世间,2,1017,2,1017
丛林,2,1018,2,1018
丢,2,1019,2,1019
丢下,2,1020,2,1020
丢开,2,1021,2,1021
两三声,2,1022,2,1022
两回,2,1023,2,1023
两百次,2,1024,2,1024
两码事,2,1025,2,1025
严重,2,1026,2,1026
个人,2,1027,2,1027
中午,2,1028,2,1028
临别,2,1029,2,1029
临近,2,1030,2,1030
丸,2,1031,2,1031
主意,2,1032,2,1032
之,2,1033,2,1033
之中,2,1034,2,1034
乐曲,2,1035,2,1035
乐趣,2,1036,2,1036
乖乖,2,1037,2,1037
九十万,2,1038,2,1038
也许,2,1039,2,1039
书上,2,1040,2,1040
书房,2,1041,2,1041
乱蓬蓬,2,1042,2,1042
事物,2,1043,2,1043
二十二年,2,1044,2,1044
二十八,2,1045,2,1045
二十六,2,1046,2,1046
二十米,2,1047,2,1047
二千五百,2,1048,2,1048
五一,2,1049,2,1049
五分钟,2,1050,2,1050
五加,2,1051,2,1051
五十四个,2,1052,2,1052
五千,2,1053,2,1053
亚利桑那,2,1054,2,1054
交道,2,1055,2,1055
享受,2,1056,2,1056
亮光,2,1057,2,1057
亮相,2,1058,2,1058
人人,2,1059,2,1059
人声,2,1060,2,1060
人影,2,1061,2,1061
人群,2,1062,2,1062
亿颗,2,1063,2,1063
介绍,2,1064,2,1064
从不,2,1065,2,1065
从前,2,1066,2,1066
从来,2,1067,2,1067
从此,2,1068,2,1068
仔细,2,1069,2,1069
件,2,1070,2,1070
份,2,1071,2,1071
伟大,2,1072,2,1072
传说,2,1073,2,1073
伤害,2,1074,2,1074
伸手,2,1075,2,1075
伺候,2,1076,2,1076
似乎,2,1077,2,1077
低头,2,1078,2,1078
体面,2,1079,2,1079
作为,2,1080,2,1080
依,2,1081,2,1081
俄罗斯,2,1082,2,1082
俏,2,1083,2,1083
保全,2,1084,2,1084
保存,2,1085,2,1085
信手,2,1086,2,1086
俯身,2,1087,2,1087
倒下,2,1088,2,1088
倒水,2,1089,2,1089
倘若,2,1090,2,1090
假期,2,1091,2,1091
做到,2,1092,2,1092
停下,2,1093,2,1093
停下来,2,1094,2,1094
傍晚,2,1095,2,1095
允许,2,1096,2,1096
兄弟,2,1097,2,1097
充满,2,1098,2,1098
光,2,1099,2,1099
光彩,2,1100,2,1100
免不了,2,1101,2,1101
免得,2,1102,2,1102
全人类,2,1103,2,1103
全体,2,1104,2,1104
全国,2,1105,2,1105
全然,2,1106,2,1106
六个,2,1107,2,1107
六个月,2,1108,2,1108
六年,2,1109,2,1109
兴奋,2,1110,2,1110
养,2,1111,2,1111
内疚,2,1112,2,1112
内部,2,1113,2,1113
写成,2,1114,2,1114
写道,2,1115,2,1115
冲着,2,1116,2,1116
况且,2,1117,2,1117
冷,2,1118,2,1118
准备,2,1119,2,1119
准确,2,1120,2,1120
凉,2,1121,2,1121
凋谢,2,1122,2,1122
凝重,2,1123,2,1123
几岁,2,1124,2,1124
几步,2,1125,2,1125
凡是,2,1126,2,1126
凭,2,1127,2,1127
凳子,2,1128,2,1128
凶险,2,1129,2,1129
出去,2,1130,2,1130
出售,2,1131,2,1131
出生,2,1132,2,1132
出远门,2,1133,2,1133
击中,2,1134,2,1134
分不清,2,1135,2,1135
分手,2,1136,2,1136
分送,2,1137,2,1137
列,2,1138,2,1138
则,2,1139,2,1139
别扭,2,1140,2,1140
别说,2,1141,2,1141
到处,2,1142,2,1142
到头来,2,1143,2,1143
到底,2,1144,2,1144
削,2,1145,2,1145
前,2,1146,2,1146
前额,2,1147,2,1147
副,2,1148,2,1148
加上,2,1149,2,1149
动,2,1150,2,1150
动人,2,1151,2,1151
动弹,2,1152,2,1152
动弹不得,2,1153,2,1153
劲,2,1154,2,1154
包括,2,1155,2,1155
匆忙,2,1156,2,1156
北极,2,1157,2,1157
北美,2,1158,2,1158
十一,2,1159,2,1159
十一年,2,1160,2,1160
十倍,2,1161,2,1161
十全十美,2,1162,2,1162
十分,2,1163,2,1163
十足,2,1164,2,1164
升起,2,1165,2,1165
半分钟,2,1166,2,1166
华丽,2,1167,2,1167
单单,2,1168,2,1168
南极,2,1169,2,1169
南美,2,1170,2,1170
印度,2,1171,2,1171
印象,2,1172,2,1172
卸下,2,1173,2,1173
历书,2,1174,2,1174
历史,2,1175,2,1175
厚厚的,2,1176,2,1176
原先,2,1177,2,1177
原则,2,1178,2,1178
去年,2,1179,2,1179
双臂,2,1180,2,1180
反驳,2,1181,2,1181
发作,2,1182,2,1182
发光,2,1183,2,1183
发动机,2,1184,2,1184
发明,2,1185,2,1185
发明专利,2,1186,2,1186
发烧,2,1187,2,1187
发白,2,1188,2,1188
发送,2,1189,2,1189
取,2,1190,2,1190
取决于,2,1191,2,1191
受不了,2,1192,2,1192
变,2,1193,2,1193
口气,2,1194,2,1194
古怪,2,1195,2,1195
另一只,2,1196,2,1196
另一边,2,1197,2,1197
另外,2,1198,2,1198
只当,2,1199,2,1199
只用,2,1200,2,1200
叫作,2,1201,2,1201
叫喊,2,1202,2,1202
召唤,2,1203,2,1203
可怕,2,1204,2,1204
可怜,2,1205,2,1205
可爱,2,1206,2,1206
可靠,2,1207,2,1207
号码,2,1208,2,1208
司法,2,1209,2,1209
叹,2,1210,2,1210
叹气,2,1211,2,1211
各色各样,2,1212,2,1212
合理,2,1213,2,1213
同一时间,2,1214,2,1214
同意,2,1215,2,1215
同时,2,1216,2,1216
同行,2,1217,2,1217
名叫,2,1218,2,1218
名声,2,1219,2,1219
名气,2,1220,2,1220
后悔,2,1221,2,1221
后来,2,1222,2,1222
后果,2,1223,2,1223
向导,2,1224,2,1224
吓了一跳,2,1225,2,1225
吞,2,1226,2,1226
吞下,2,1227,2,1227
吞服,2,1228,2,1228
否则,2,1229,2,1229
含苞欲放,2,1230,2,1230
听不得,2,1231,2,1231
听不见,2,1232,2,1232
听得见,2,1233,2,1233
听懂,2,1234,2,1234
吹拂,2,1235,2,1235
吹灭,2,1236,2,1236
告别,2,1237,2,1237
呗,2,1238,2,1238
咳,2,1239,2,1239
咳嗽,2,1240,2,1240
咳得,2,1241,2,1241
哈哈,2,1242,2,1242
响,2,1243,2,1243
哪些,2,1244,2,1244
啦,2,1245,2,1245
善良,2,1246,2,1246
喊,2,1247,2,1247
喘,2,1248,2,1248
喘气,2,1249,2,1249
喜爱,2,1250,2,1250
嗨,2,1251,2,1251
嘟嘟哝哝,2,1252,2,1252
嘴唇,2,1253,2,1253
嚯,2,1254,2,1254
四,2,1255,2,1255
四下里,2,1256,2,1256
四个,2,1257,2,1257
四十三,2,1258,2,1258
四十六,2,1259,2,1259
四周,2,1260,2,1260
四溢,2,1261,2,1261
回老家,2,1262,2,1262
囫囵,2,1263,2,1263
围,2,1264,2,1264
国,2,1265,2,1265
国际,2,1266,2,1266
图画,2,1267,2,1267
圆环,2,1268,2,1268
在世界上,2,1269,2,1269
在内,2,1270,2,1270
地底下,2,1271,2,1271
地理学,2,1272,2,1272
地里,2,1273,2,1273
场,2,1274,2,1274
场面,2,1275,2,1275
坐立不安,2,1276,2,1276
坦白说,2,1277,2,1277
垂,2,1278,2,1278
埋,2,1279,2,1279
城,2,1280,2,1280
基础,2,1281,2,1281
墙脚,2,1282,2,1282
墙边,2,1283,2,1283
增长,2,1284,2,1284
壮,2,1285,2,1285
声响,2,1286,2,1286
壶,2,1287,2,1287
处死,2,1288,2,1288
备用,2,1289,2,1289
复方,2,1290,2,1290
复杂,2,1291,2,1291
夕阳,2,1292,2,1292
外,2,1293,2,1293
外貌,2,1294,2,1294
外面,2,1295,2,1295
多么,2,1296,2,1296
多多,2,1297,2,1297
多疑,2,1298,2,1298
多路,2,1299,2,1299
多重,2,1300,2,1300
夜幕降临,2,1301,2,1301
夜色,2,1302,2,1302
够呛,2,1303,2,1303
大不了,2,1304,2,1304
大会,2,1305,2,1305
大使,2,1306,2,1306
大声,2,1307,2,1307
大声嚷嚷,2,1308,2,1308
大大,2,1309,2,1309
大小,2,1310,2,1310
大山,2,1311,2,1311
大洲,2,1312,2,1312
大石头,2,1313,2,1313
大约,2,1314,2,1314
大象,2,1315,2,1315
大部头,2,1316,2,1316
天上,2,1317,2,1317
天文学,2,1318,2,1318
天竺葵,2,1319,2,1319
太小,2,1320,2,1320
太平,2,1321,2,1321
太平洋,2,1322,2,1322
太沉,2,1323,2,1323
太矮,2,1324,2,1324
太紧,2,1325,2,1325
太阳穴,2,1326,2,1326
失望,2,1327,2,1327
头,2,1328,2,1328
头脑,2,1329,2,1329
头顶,2,1330,2,1330
夺走,2,1331,2,1331
奔,2,1332,2,1332
奥秘,2,1333,2,1333
好不容易,2,1334,2,1334
好些,2,1335,2,1335
好喝,2,1336,2,1336
好多好多,2,1337,2,1337
好玩,2,1338,2,1338
妨碍,2,1339,2,1339
姑娘,2,1340,2,1340
威严,2,1341,2,1341
存入,2,1342,2,1342
孤零零,2,1343,2,1343
学会,2,1344,2,1344
学问,2,1345,2,1345
安慰,2,1346,2,1346
安顿,2,1347,2,1347
宝贝,2,1348,2,1348
宝贵,2,1349,2,1349
宫廷,2,1350,2,1350
害,2,1351,2,1351
害怕,2,1352,2,1352
家乡,2,1353,2,1353
容,2,1354,2,1354
容易,2,1355,2,1355
宽,2,1356,2,1356
寂静,2,1357,2,1357
对方,2,1358,2,1358
尊重,2,1359,2,1359
小孩,2,1360,2,1360
小小的,2,1361,2,1361
小时候,2,1362,2,1362
小羊,2,1363,2,1363
小花招,2,1364,2,1364
小鸟,2,1365,2,1365
就算,2,1366,2,1366
尽力,2,1367,2,1367
尽管,2,1368,2,1368
尽量,2,1369,2,1369
居住,2,1370,2,1370
居民,2,1371,2,1371
居然,2,1372,2,1372
屋顶,2,1373,2,1373
山上,2,1374,2,1374
山岩,2,1375,2,1375
山峰,2,1376,2,1376
巡视,2,1377,2,1377
工作,2,1378,2,1378
工具,2,1379,2,1379
左,2,1380,2,1380
差错,2,1381,2,1381
市,2,1382,2,1382
希望,2,1383,2,1383
带到,2,1384,2,1384
带来,2,1385,2,1385
帮帮忙,2,1386,2,1386
幅,2,1387,2,1387
幕后,2,1388,2,1388
干吗,2,1389,2,1389
干完,2,1390,2,1390
干涸,2,1391,2,1391
平时,2,1392,2,1392
平静,2,1393,2,1393
平静下来,2,1394,2,1394
年头,2,1395,2,1395
年纪,2,1396,2,1396
年轻,2,1397,2,1397
幸好,2,1398,2,1398
幸运,2,1399,2,1399
幼芽,2,1400,2,1400
幼苗,2,1401,2,1401
广场,2,1402,2,1402
庄严,2,1403,2,1403
庄重,2,1404,2,1404
延续,2,1405,2,1405
弄错,2,1406,2,1406
张口结舌,2,1407,2,1407
张开,2,1408,2,1408
弱小,2,1409,2,1409
当初,2,1410,2,1410
当天,2,1411,2,1411
当真,2,1412,2,1412
彩色,2,1413,2,1413
影像,2,1414,2,1414
彼此,2,1415,2,1415
往事,2,1416,2,1416
往前走,2,1417,2,1417
往右,2,1418,2,1418
待,2,1419,2,1419
很多,2,1420,2,1420
很小,2,1421,2,1421
很漂亮,2,1422,2,1422
很着急,2,1423,2,1423
微不足道,2,1424,2,1424
微弱,2,1425,2,1425
微微一笑,2,1426,2,1426
心头,2,1427,2,1427
心念,2,1428,2,1428
心思,2,1429,2,1429
心灵,2,1430,2,1430
心灵深处,2,1431,2,1431
心里话,2,1432,2,1432
忍住,2,1433,2,1433
忙碌,2,1434,2,1434
忠贞,2,1435,2,1435
快乐,2,1436,2,1436
快完了,2,1437,2,1437
快步,2,1438,2,1438
快活,2,1439,2,1439
快要,2,1440,2,1440
忿忿然,2,1441,2,1441
怅惘,2,1442,2,1442
怎么回事,2,1443,2,1443
思忖,2,1444,2,1444
思索,2,1445,2,1445
总会,2,1446,2,1446
总共,2,1447,2,1447
总数,2,1448,2,1448
恶作剧,2,1449,2,1449
恶梦,2,1450,2,1450
恼,2,1451,2,1451
恼火,2,1452,2,1452
悄,2,1453,2,1453
悄悄,2,1454,2,1454
悠着点,2,1455,2,1455
悠闲,2,1456,2,1456
您提,2,1457,2,1457
悬空,2,1458,2,1458
悲剧,2,1459,2,1459
情,2,1460,2,1460
情势,2,1461,2,1461
惊,2,1462,2,1462
惊叹不已,2,1463,2,1463
惊愕,2,1464,2,1464
惊讶,2,1465,2,1465
惨,2,1466,2,1466
想必,2,1467,2,1467
想念,2,1468,2,1468
想法,2,1469,2,1469
想象,2,1470,2,1470
想象力,2,1471,2,1471
惹,2,1472,2,1472
意识,2,1473,2,1473
感到高兴,2,1474,2,1474
感动,2,1475,2,1475
愿,2,1476,2,1476
慌,2,1477,2,1477
慢吞吞,2,1478,2,1478
懒散,2,1479,2,1479
成不了,2,1480,2,1480
成功,2,1481,2,1481
成天,2,1482,2,1482
成熟,2,1483,2,1483
我俩,2,1484,2,1484
我省,2,1485,2,1485
或许,2,1486,2,1486
战争,2,1487,2,1487
戴,2,1488,2,1488
房,2,1489,2,1489
所,2,1490,2,1490
所在,2,1491,2,1491
所有人,2,1492,2,1492
手中,2,1493,2,1493
手枪,2,1494,2,1494
打动,2,1495,2,1495
打搅,2,1496,2,1496
打断,2,1497,2,1497
打猎,2,1498,2,1498
打着,2,1499,2,1499
打起精神,2,1500,2,1500
打雷,2,1501,2,1501
打颤,2,1502,2,1502
执著,2,1503,2,1503
找点事干,2,1504,2,1504
承认,2,1505,2,1505
投海,2,1506,2,1506
抢,2,1507,2,1507
护栏,2,1508,2,1508
报告,2,1509,2,1509
抬,2,1510,2,1510
抬起头来,2,1511,2,1511
抱怨,2,1512,2,1512
抽屉锁,2,1513,2,1513
抽抽噎噎,2,1514,2,1514
拂晓,2,1515,2,1515
拒不执行,2,1516,2,1516
拜访,2,1517,2,1517
拧,2,1518,2,1518
拨,2,1519,2,1519
拼命,2,1520,2,1520
拿出,2,1521,2,1521
按照,2,1522,2,1522
挑选,2,1523,2,1523
挣,2,1524,2,1524
挤,2,1525,2,1525
挨个儿,2,1526,2,1526
振作起来,2,1527,2,1527
挺好玩,2,1528,2,1528
换,2,1529,2,1529
捧,2,1530,2,1530
掉,2,1531,2,1531
掉下来,2,1532,2,1532
掏,2,1533,2,1533
探测,2,1534,2,1534
探讨,2,1535,2,1535
接,2,1536,2,1536
接下去,2,1537,2,1537
接见,2,1538,2,1538
接近,2,1539,2,1539
描写,2,1540,2,1540
描述,2,1541,2,1541
提出,2,1542,2,1542
提议,2,1543,2,1543
提问,2,1544,2,1544
插图,2,1545,2,1545
插话,2,1546,2,1546
揪,2,1547,2,1547
揭开,2,1548,2,1548
搂住,2,1549,2,1549
搅,2,1550,2,1550
搞乱,2,1551,2,1551
搭话,2,1552,2,1552
摇,2,1553,2,1553
摇曳,2,1554,2,1554
摩登,2,1555,2,1555
撒,2,1556,2,1556
撒腿,2,1557,2,1557
攀,2,1558,2,1558
支,2,1559,2,1559
支大军,2,1560,2,1560
收集,2,1561,2,1561
放,2,1562,2,1562
放下,2,1563,2,1563
放在,2,1564,2,1564
放在眼里,2,1565,2,1565
放弃,2,1566,2,1566
放心,2,1567,2,1567
放进,2,1568,2,1568
政治,2,1569,2,1569
故障,2,1570,2,1570
教,2,1571,2,1571
数目,2,1572,2,1572
整座,2,1573,2,1573
整装待发,2,1574,2,1574
断,2,1575,2,1575
新西兰,2,1576,2,1576
方,2,1577,2,1577
方向,2,1578,2,1578
旅途,2,1579,2,1579
无动于衷,2,1580,2,1580
无所事事,2,1581,2,1581
无言以对,2,1582,2,1582
既,2,1583,2,1583
日复一日,2,1584,2,1584
旧,2,1585,2,1585
早,2,1586,2,1586
早上,2,1587,2,1587
早就,2,1588,2,1588
早晚,2,1589,2,1589
早餐,2,1590,2,1590
时刻,2,1591,2,1591
昂然,2,1592,2,1592
明明,2,1593,2,1593
明明白白,2,1594,2,1594
易碎,2,1595,2,1595
昨天,2,1596,2,1596
是从,2,1597,2,1597
晚景,2,1598,2,1598
景观,2,1599,2,1599
智者,2,1600,2,1600
暖,2,1601,2,1601
暗自,2,1602,2,1602
更加,2,1603,2,1603
更是,2,1604,2,1604
最好,2,1605,2,1605
最小,2,1606,2,1606
最美,2,1607,2,1607
有把握,2,1608,2,1608
有权,2,1609,2,1609
有条不紊,2,1610,2,1610
有没有,2,1611,2,1611
有违,2,1612,2,1612
服从命令,2,1613,2,1613
望见,2,1614,2,1614
木星,2,1615,2,1615
本书,2,1616,2,1616
村里,2,1617,2,1617
条件,2,1618,2,1618
条件成熟,2,1619,2,1619
来到,2,1620,2,1620
来劲,2,1621,2,1621
来看,2,1622,2,1622
来自,2,1623,2,1623
杰作,2,1624,2,1624
枪,2,1625,2,1625
枪弹,2,1626,2,1626
柔弱,2,1627,2,1627
柔情,2,1628,2,1628
标本,2,1629,2,1629
树,2,1630,2,1630
样子,2,1631,2,1631
根源,2,1632,2,1632
桌前,2,1633,2,1633
桌边,2,1634,2,1634
桥,2,1635,2,1635
梦,2,1636,2,1636
植物,2,1637,2,1637
楚楚动人,2,1638,2,1638
概念,2,1639,2,1639
次,2,1640,2,1640
次序,2,1641,2,1641
次日,2,1642,2,1642
欢呼,2,1643,2,1643
歉疚,2,1644,2,1644
歌剧院,2,1645,2,1645
止渴,2,1646,2,1646
正在,2,1647,2,1647
正是如此,2,1648,2,1648
正要,2,1649,2,1649
此刻,2,1650,2,1650
此地,2,1651,2,1651
死,2,1652,2,1652
残败,2,1653,2,1653
段,2,1654,2,1654
每,2,1655,2,1655
每次,2,1656,2,1656
每颗,2,1657,2,1657
毛虫,2,1658,2,1658
毫不留情,2,1659,2,1659
毫无用处,2,1660,2,1660
气派,2,1661,2,1661
气馁,2,1662,2,1662
水柱,2,1663,2,1663
永恒,2,1664,2,1664
沉落,2,1665,2,1665
沙丘,2,1666,2,1666
没什么,2,1667,2,1667
没头没脑,2,1668,2,1668
没好气,2,1669,2,1669
没把握,2,1670,2,1670
油污,2,1671,2,1671
油然而生,2,1672,2,1672
沾湿,2,1673,2,1673
沾满,2,1674,2,1674
泄,2,1675,2,1675
泪水,2,1676,2,1676
洞,2,1677,2,1677
活,2,1678,2,1678
活火山,2,1679,2,1679
流畅,2,1680,2,1680
浇过,2,1681,2,1681
浩浩荡荡,2,1682,2,1682
浪费时间,2,1683,2,1683
海,2,1684,2,1684
海里,2,1685,2,1685
消失,2,1686,2,1686
涣散,2,1687,2,1687
涨,2,1688,2,1688
深信不疑,2,1689,2,1689
深深,2,1690,2,1690
深渊,2,1691,2,1691
清楚,2,1692,2,1692
清水,2,1693,2,1693
清泉,2,1694,2,1694
渗入,2,1695,2,1695
温柔,2,1696,2,1696
渴得,2,1697,2,1697
渴死,2,1698,2,1698
游戏,2,1699,2,1699
滑入,2,1700,2,1700
满满的,2,1701,2,1701
满脸,2,1702,2,1702
漫无,2,1703,2,1703
澳大利亚,2,1704,2,1704
濒临,2,1705,2,1705
灌木,2,1706,2,1706
火焰,2,1707,2,1707
火车,2,1708,2,1708
灭,2,1709,2,1709
灯火,2,1710,2,1710
灾难性,2,1711,2,1711
烟卷,2,1712,2,1712
烦,2,1713,2,1713
烦人,2,1714,2,1714
照,2,1715,2,1715
照料,2,1716,2,1716
照样,2,1717,2,1717
熄灭,2,1718,2,1718
熟睡,2,1719,2,1719
父亲,2,1720,2,1720
物件,2,1721,2,1721
犯难,2,1722,2,1722
独自,2,1723,2,1723
独裁者,2,1724,2,1724
猎,2,1725,2,1725
猎物,2,1726,2,1726
猛兽,2,1727,2,1727
猛地,2,1728,2,1728
猜,2,1729,2,1729
王座,2,1730,2,1730
玩吧,2,1731,2,1731
现成,2,1732,2,1732
理亏,2,1733,2,1733
理由,2,1734,2,1734
生命,2,1735,2,1735
生涯,2,1736,2,1736
生锈,2,1737,2,1737
用不着,2,1738,2,1738
用水,2,1739,2,1739
甭想,2,1740,2,1740
甭管,2,1741,2,1741
由此,2,1742,2,1742
申请,2,1743,2,1743
电,2,1744,2,1744
画家,2,1745,2,1745
画笔,2,1746,2,1746
留下,2,1747,2,1747
留在,2,1748,2,1748
疑心,2,1749,2,1749
疯,2,1750,2,1750
痛苦,2,1751,2,1751
白,2,1752,2,1752
白色,2,1753,2,1753
百姓,2,1754,2,1754
的确,2,1755,2,1755
皱纹,2,1756,2,1756
盖,2,1757,2,1757
盘,2,1758,2,1758
盘旋,2,1759,2,1759
盛开,2,1760,2,1760
目光,2,1761,2,1761
目标,2,1762,2,1762
直,2,1763,2,1763
相反,2,1764,2,1764
相同,2,1765,2,1765
相对,2,1766,2,1766
相约,2,1767,2,1767
看不到,2,1768,2,1768
看成,2,1769,2,1769
看过,2,1770,2,1770
真不该,2,1771,2,1771
真对不起,2,1772,2,1772
真怪,2,1773,2,1773
真是太,2,1774,2,1774
眼,2,1775,2,1775
眼前,2,1776,2,1776
眼睛,2,1777,2,1777
眼角,2,1778,2,1778
着迷,2,1779,2,1779
睡,2,1780,2,1780
睡醒,2,1781,2,1781
瞅,2,1782,2,1782
瞥,2,1783,2,1783
短,2,1784,2,1784
石头,2,1785,2,1785
石缝,2,1786,2,1786
碰,2,1787,2,1787
碰上,2,1788,2,1788
碰到,2,1789,2,1789
磨磨蹭蹭,2,1790,2,1790
礼仪,2,1791,2,1791
神态,2,1792,2,1792
神情,2,1793,2,1793
神色,2,1794,2,1794
禁止,2,1795,2,1795
福,2,1796,2,1796
离去,2,1797,2,1797
移位,2,1798,2,1798
稍微,2,1799,2,1799
稍许,2,1800,2,1800
空虚,2,1801,2,1801
空酒瓶,2,1802,2,1802
穿着,2,1803,2,1803
穿过,2,1804,2,1804
窗上,2,1805,2,1805
窗前,2,1806,2,1806
窗子,2,1807,2,1807
立刻,2,1808,2,1808
竖起,2,1809,2,1809
童话,2,1810,2,1810
端坐,2,1811,2,1811
笑意,2,1812,2,1812
笔,2,1813,2,1813
笔直,2,1814,2,1814
笔记本,2,1815,2,1815
笨嘴笨舌,2,1816,2,1816
第一个,2,1817,2,1817
第一幅,2,1818,2,1818
第一批,2,1819,2,1819
第一次,2,1820,2,1820
第一颗,2,1821,2,1821
第七,2,1822,2,1822
第三列,2,1823,2,1823
第三次,2,1824,2,1824
第二口,2,1825,2,1825
第二次,2,1826,2,1826
第二颗,2,1827,2,1827
第五天,2,1828,2,1828
第八天,2,1829,2,1829
第六,2,1830,2,1830
第四天,2,1831,2,1831
第四颗,2,1832,2,1832
答案,2,1833,2,1833
简单明了,2,1834,2,1834
简朴,2,1835,2,1835
简直,2,1836,2,1836
算不上,2,1837,2,1837
算不得,2,1838,2,1838
算术,2,1839,2,1839
管用,2,1840,2,1840
精彩,2,1841,2,1841
精确,2,1842,2,1842
紧,2,1843,2,1843
紧闭,2,1844,2,1844
红着脸,2,1845,2,1845
红砖墙,2,1846,2,1846
纤弱,2,1847,2,1847
纪律,2,1848,2,1848
纯洁,2,1849,2,1849
纯粹,2,1850,2,1850
纳闷,2,1851,2,1851
细细地,2,1852,2,1852
细节,2,1853,2,1853
细部,2,1854,2,1854
经营,2,1855,2,1855
维持,2,1856,2,1856
绺,2,1857,2,1857
绿色,2,1858,2,1858
编,2,1859,2,1859
编号,2,1860,2,1860
缺乏,2,1861,2,1861
缺少,2,1862,2,1862
罢,2,1863,2,1863
罢了,2,1864,2,1864
罩子,2,1865,2,1865
美国,2,1866,2,1866
美的,2,1867,2,1867
美艳,2,1868,2,1868
羞,2,1869,2,1869
翻看,2,1870,2,1870
老宅,2,1871,2,1871
老百姓,2,1872,2,1872
者,2,1873,2,1873
耐心,2,1874,2,1874
耸了耸,2,1875,2,1875
耸耸,2,1876,2,1876
耻笑,2,1877,2,1877
肚子,2,1878,2,1878
肯定,2,1879,2,1879
胆子,2,1880,2,1880
胖子,2,1881,2,1881
能够,2,1882,2,1882
能看懂,2,1883,2,1883
脑,2,1884,2,1884
脑海,2,1885,2,1885
脑袋,2,1886,2,1886
脚,2,1887,2,1887
脚步,2,1888,2,1888
脸红,2,1889,2,1889
腻,2,1890,2,1890
腻烦,2,1891,2,1891
腿,2,1892,2,1892
膝,2,1893,2,1893
膝盖,2,1894,2,1894
自,2,1895,2,1895
自个儿,2,1896,2,1896
自卫,2,1897,2,1897
自诩,2,1898,2,1898
致命,2,1899,2,1899
舞蹈,2,1900,2,1900
良好,2,1901,2,1901
节约,2,1902,2,1902
芭蕾舞,2,1903,2,1903
花园,2,1904,2,1904
花园里,2,1905,2,1905
花岗石,2,1906,2,1906
花萼,2,1907,2,1907
花香,2,1908,2,1908
芽,2,1909,2,1909
苍白,2,1910,2,1910
苍蝇,2,1911,2,1911
苦恼,2,1912,2,1912
英俊,2,1913,2,1913
苹果树,2,1914,2,1914
茫然不解,2,1915,2,1915
草丛,2,1916,2,1916
荒唐,2,1917,2,1917
著作,2,1918,2,1918
葡萄,2,1919,2,1919
蔚为壮观,2,1920,2,1920
虚荣心,2,1921,2,1921
虞美人,2,1922,2,1922
虽,2,1923,2,1923
蜜蜂,2,1924,2,1924
行动,2,1925,2,1925
衣服,2,1926,2,1926
衣裙,2,1927,2,1927
补救,2,1928,2,1928
表示,2,1929,2,1929
表里不一,2,1930,2,1930
袭,2,1931,2,1931
装,2,1932,2,1932
装扮,2,1933,2,1933
褶皱,2,1934,2,1934
西伯利亚,2,1935,2,1935
西装,2,1936,2,1936
要死,2,1937,2,1937
要紧,2,1938,2,1938
要说,2,1939,2,1939
见到,2,1940,2,1940
见识,2,1941,2,1941
观点,2,1942,2,1942
观赏,2,1943,2,1943
视线,2,1944,2,1944
认出,2,1945,2,1945
认真,2,1946,2,1946
讨厌,2,1947,2,1947
记,2,1948,2,1948
记下,2,1949,2,1949
记录,2,1950,2,1950
讲究,2,1951,2,1951
讲述,2,1952,2,1952
许多,2,1953,2,1953
许许多多,2,1954,2,1954
论证,2,1955,2,1955
试试看,2,1956,2,1956
诗意,2,1957,2,1957
诚实,2,1958,2,1958
该是,2,1959,2,1959
语法,2,1960,2,1960
语言,2,1961,2,1961
误解,2,1962,2,1962
说不下去,2,1963,2,1963
说谎,2,1964,2,1964
请求,2,1965,2,1965
读,2,1966,2,1966
谈话,2,1967,2,1967
谦虚,2,1968,2,1968
谦逊地,2,1969,2,1969
账目,2,1970,2,1970
贪杯,2,1971,2,1971
购买,2,1972,2,1972
贴,2,1973,2,1973
费,2,1974,2,1974
费劲,2,1975,2,1975
赦免,2,1976,2,1976
走开,2,1977,2,1977
走路,2,1978,2,1978
走近,2,1979,2,1979
赶上,2,1980,2,1980
起先,2,1981,2,1981
起色,2,1982,2,1982
越来越,2,1983,2,1983
越来越近,2,1984,2,1984
足以,2,1985,2,1985
足够,2,1986,2,1986
足迹,2,1987,2,1987
趴在,2,1988,2,1988
跌落,2,1989,2,1989
跑,2,1990,2,1990
跟前,2,1991,2,1991
踏上,2,1992,2,1992
身体,2,1993,2,1993
身旁,2,1994,2,1994
身材,2,1995,2,1995
身穿,2,1996,2,1996
躯壳,2,1997,2,1997
躺,2,1998,2,1998
转,2,1999,2,1999
转过身,2,2000,2,2000
轮,2,2001,2,2001
轻微,2,2002,2,2002
轻率地,2,2003,2,2003
轻轻地,2,2004,2,2004
辉煌,2,2005,2,2005
辛苦,2,2006,2,2006
辨认出,2,2007,2,2007
过时,2,2008,2,2008
过路人,2,2009,2,2009
运载,2,2010,2,2010
近,2,2011,2,2011
还要,2,2012,2,2012
这么回事,2,2013,2,2013
这份,2,2014,2,2014
这就是说,2,2015,2,2015
这幢,2,2016,2,2016
这时候,2,2017,2,2017
这番话,2,2018,2,2018
这种,2,2019,2,2019
这话,2,2020,2,2020
这里,2,2021,2,2021
进行,2,2022,2,2022
远远地,2,2023,2,2023
违令,2,2024,2,2024
迷了路,2,2025,2,2025
追问,2,2026,2,2026
退,2,2027,2,2027
退下去,2,2028,2,2028
送,2,2029,2,2029
逃走,2,2030,2,2030
选择,2,2031,2,2031
通往,2,2032,2,2032
造反,2,2033,2,2033
造成,2,2034,2,2034
道理,2,2035,2,2035
遗弃,2,2036,2,2036
遮,2,2037,2,2037
那会儿,2,2038,2,2038
那天,2,2039,2,2039
那条,2,2040,2,2040
那段,2,2041,2,2041
那里,2,2042,2,2042
都行,2,2043,2,2043
酒瓶,2,2044,2,2044
醒,2,2045,2,2045
醒来,2,2046,2,2046
金发,2,2047,2,2047
金子,2,2048,2,2048
金属,2,2049,2,2049
金星,2,2050,2,2050
金色,2,2051,2,2051
金镯子,2,2052,2,2052
金龟子,2,2053,2,2053
钟头,2,2054,2,2054
钢笔,2,2055,2,2055
钱,2,2056,2,2056
钻,2,2057,2,2057
钻石,2,2058,2,2058
钻进,2,2059,2,2059
铅笔画,2,2060,2,2060
银行,2,2061,2,2061
错觉,2,2062,2,2062
锤子敲,2,2063,2,2063
锻炼,2,2064,2,2064
镶边,2,2065,2,2065
长大,2,2066,2,2066
长篇,2,2067,2,2067
闪烁,2,2068,2,2068
闪过,2,2069,2,2069
问这问那,2,2070,2,2070
闲聊,2,2071,2,2071
附近,2,2072,2,2072
降临,2,2073,2,2073
陡峭,2,2074,2,2074
除,2,2075,2,2075
陷入,2,2076,2,2076
随口,2,2077,2,2077
随口说说,2,2078,2,2078
随风飘,2,2079,2,2079
难为情,2,2080,2,2080
难受,2,2081,2,2081
难堪,2,2082,2,2082
雄伟,2,2083,2,2083
集会,2,2084,2,2084
雪,2,2085,2,2085
雪地,2,2086,2,2086
震,2,2087,2,2087
静默,2,2088,2,2088
非,2,2089,2,2089
非同寻常,2,2090,2,2090
非常简单,2,2091,2,2091
面包,2,2092,2,2092
音乐,2,2093,2,2093
顶上,2,2094,2,2094
顺,2,2095,2,2095
颂扬,2,2096,2,2096
领带,2,2097,2,2097
颜料,2,2098,2,2098
风儿,2,2099,2,2099
风湿病,2,2100,2,2100
飞,2,2101,2,2101
飞过,2,2102,2,2102
饥渴,2,2103,2,2103
饮用水,2,2104,2,2104
首先,2,2105,2,2105
马上会,2,2106,2,2106
马车,2,2107,2,2107
驼队,2,2108,2,2108
骄气,2,2109,2,2109
骤然,2,2110,2,2110
高尔夫,2,2111,2,2111
高山,2,2112,2,2112
高明,2,2113,2,2113
鸡,2,2114,2,2114
鸽子,2,2115,2,2115
麦浪,2,2116,2,2116
麻烦,2,2117,2,2117
黄昏,2,2118,2,2118
黑人,2,2119,2,2119
默默,2,2120,2,2120
鼻子,2,2121,2,2121
齐,2,2122,2,2122
一百一十,1,2123,1,2123
不怎么,1,2124,1,2124
不让,1,2125,1,2125
几万年,1,2126,1,2126
利,1,2127,1,2127
千,1,2128,1,2128
千万别,1,2129,1,2129
哇,1,2130,1,2130
哎,1,2131,1,2131
哼,1,2132,1,2132
嗽,1,2133,1,2133
国土,1,2134,1,2134
夕阳余晖,1,2135,1,2135
大房子,1,2136,1,2136
实,1,2137,1,2137
小号,1,2138,1,2138
工夫,1,2139,1,2139
得出,1,2140,1,2140
得出结论,1,2141,1,2141
必要,1,2142,1,2142
悲伤地,1,2143,1,2143
悲愤,1,2144,1,2144
成为,1,2145,1,2145
或,1,2146,1,2146
打招呼,1,2147,1,2147
指出,1,2148,1,2148
无法弥补,1,2149,1,2149
日,1,2150,1,2150
最重,1,2151,1,2151
月球,1,2152,1,2152
望去,1,2153,1,2153
松,1,2154,1,2154
松开,1,2155,1,2155
柔声道,1,2156,1,2156
桑,1,2157,1,2157
活火,1,2158,1,2158
片刻之间,1,2159,1,2159
片刻间,1,2160,1,2160
王,1,2161,1,2161
王国,1,2162,1,2162
百十,1,2163,1,2163
真心,1,2164,1,2164
真心真意,1,2165,1,2165
真意,1,2166,1,2166
紫红,1,2167,1,2167
紫红色,1,2168,1,2168
结论,1,2169,1,2169
背后,1,2170,1,2170
脸,1,2171,1,2171
花丛,1,2172,1,2172
落日余晖,1,2173,1,2173
螺丝钉,1,2174,1,2174
说起,1,2175,1,2175
轻声,1,2176,1,2176
这一下,1,2177,1,2177
这点,1,2178,1,2178
递给,1,2179,1,2179
锋,1,2180,1,2180
